-- MySQL dump 10.13  Distrib 8.0.33, for Win64 (x86_64)
--
-- Host: 3.15.73.144    Database: mathcounts
-- ------------------------------------------------------
-- Server version	8.0.35-0ubuntu0.22.04.1

/*!40101 SET @OLD_CHARACTER_SET_CLIENT=@@CHARACTER_SET_CLIENT */;
/*!40101 SET @OLD_CHARACTER_SET_RESULTS=@@CHARACTER_SET_RESULTS */;
/*!40101 SET @OLD_COLLATION_CONNECTION=@@COLLATION_CONNECTION */;
/*!50503 SET NAMES utf8 */;
/*!40103 SET @OLD_TIME_ZONE=@@TIME_ZONE */;
/*!40103 SET TIME_ZONE='+00:00' */;
/*!40014 SET @OLD_UNIQUE_CHECKS=@@UNIQUE_CHECKS, UNIQUE_CHECKS=0 */;
/*!40014 SET @OLD_FOREIGN_KEY_CHECKS=@@FOREIGN_KEY_CHECKS, FOREIGN_KEY_CHECKS=0 */;
/*!40101 SET @OLD_SQL_MODE=@@SQL_MODE, SQL_MODE='NO_AUTO_VALUE_ON_ZERO' */;
/*!40111 SET @OLD_SQL_NOTES=@@SQL_NOTES, SQL_NOTES=0 */;

--
-- Table structure for table `contact_message`
--

DROP TABLE IF EXISTS `contact_message`;
/*!40101 SET @saved_cs_client     = @@character_set_client */;
/*!50503 SET character_set_client = utf8mb4 */;
CREATE TABLE `contact_message` (
  `message_id` int NOT NULL AUTO_INCREMENT,
  `name` varchar(200) COLLATE utf8mb3_unicode_ci NOT NULL,
  `email` varchar(200) COLLATE utf8mb3_unicode_ci NOT NULL,
  `subject` varchar(200) COLLATE utf8mb3_unicode_ci NOT NULL,
  `message` text COLLATE utf8mb3_unicode_ci,
  PRIMARY KEY (`message_id`)
) ENGINE=InnoDB AUTO_INCREMENT=2 DEFAULT CHARSET=utf8mb3 COLLATE=utf8mb3_unicode_ci;
/*!40101 SET character_set_client = @saved_cs_client */;

--
-- Dumping data for table `contact_message`
--

LOCK TABLES `contact_message` WRITE;
/*!40000 ALTER TABLE `contact_message` DISABLE KEYS */;
INSERT INTO `contact_message` VALUES (1,'Valerie Xin','valerie.nmn.xin@gmail.com','f','f');
/*!40000 ALTER TABLE `contact_message` ENABLE KEYS */;
UNLOCK TABLES;

--
-- Table structure for table `images`
--

DROP TABLE IF EXISTS `images`;
/*!40101 SET @saved_cs_client     = @@character_set_client */;
/*!50503 SET character_set_client = utf8mb4 */;
CREATE TABLE `images` (
  `image_id` int NOT NULL AUTO_INCREMENT,
  `question_id` int NOT NULL,
  `url` varchar(200) COLLATE utf8mb3_unicode_ci DEFAULT NULL,
  PRIMARY KEY (`image_id`),
  KEY `fk_question_id` (`question_id`),
  CONSTRAINT `fk_question_id` FOREIGN KEY (`question_id`) REFERENCES `questions` (`question_id`)
) ENGINE=InnoDB AUTO_INCREMENT=40 DEFAULT CHARSET=utf8mb3 COLLATE=utf8mb3_unicode_ci;
/*!40101 SET character_set_client = @saved_cs_client */;

--
-- Dumping data for table `images`
--

LOCK TABLES `images` WRITE;
/*!40000 ALTER TABLE `images` DISABLE KEYS */;
INSERT INTO `images` VALUES (1,436,'/static/images/2023/2023-chapter-target-4.png'),(2,440,'/static/images/2023/2023-chapter-target-7.png'),(3,448,'/static/images/2023/2023-state-target-4.png'),(4,450,'/static/images/2023/2023-state-target-6.png'),(5,451,'/static/images/2023/2023-state-target-7.png'),(6,399,'/static/images/2023/2023-chapter-sprint-5.png'),(7,400,'/static/images/2023/2023-chapter-sprint-6.png'),(8,401,'/static/images/2023/2023-chapter-sprint-7.png'),(9,403,'/static/images/2023/2023-chapter-sprint-9.png'),(10,408,'/static/images/2023/2023-chapter-sprint-14.png'),(11,417,'/static/images/2023/2023-chapter-sprint-23.png'),(12,437,'/static/images/2023/2023-chapter-sprint-27.png'),(13,444,'/static/images/2023/2023-chapter-sprint-30.png'),(14,458,'/static/images/2023/2023-state-sprint-6.png'),(15,463,'/static/images/2023/2023-state-sprint-11.png'),(16,468,'/static/images/2023/2023-state-sprint-16.png'),(17,470,'/static/images/2023/2023-state-sprint-18.png'),(18,471,'/static/images/2023/2023-state-sprint-19.png'),(19,474,'/static/images/2023/2023-state-sprint-22.png'),(20,476,'/static/images/2023/2023-state-sprint-24.png'),(21,479,'/static/images/2023/2023-state-sprint-27.png'),(22,20,'/static/images/2023/2023-chapter-cntdwn-20.png'),(23,22,'/static/images/2023/2023-chapter-cntdwn-22.png'),(24,80,'/static/images/2023/2023-chapter-cntdwn-80.png'),(25,316,'/static/images/2023/2023-state-cntdwn-2.png'),(26,333,'/static/images/2023/2023-state-cntdwn-19.png'),(27,484,'/static/images/2022/2022-chapter-target-2.png'),(28,486,'/static/images/2022/2022-chapter-target-4.png'),(29,487,'/static/images/2022/2022-chapter-target-5.png'),(30,488,'/static/images/2022/2022-chapter-target-6.png'),(31,496,'/static/images/2022/2022-chapter-sprint-6.png'),(32,507,'/static/images/2022/2022-chapter-sprint-17.png'),(33,512,'/static/images/2022/2022-chapter-sprint-23.png'),(34,522,'/static/images/2022/2022-state-sprint-2.png'),(35,524,'/static/images/2022/2022-state-sprint-4.png'),(36,532,'/static/images/2022/2022-state-sprint-12.png'),(37,539,'/static/images/2022/2022-state-sprint-19.png'),(38,541,'/static/images/2022/2022-state-sprint-21.png'),(39,542,'/static/images/2022/2022-state-sprint-22.png');
/*!40000 ALTER TABLE `images` ENABLE KEYS */;
UNLOCK TABLES;

--
-- Table structure for table `levels`
--

DROP TABLE IF EXISTS `levels`;
/*!40101 SET @saved_cs_client     = @@character_set_client */;
/*!50503 SET character_set_client = utf8mb4 */;
CREATE TABLE `levels` (
  `level_id` int NOT NULL,
  `level` varchar(10) COLLATE utf8mb3_unicode_ci NOT NULL,
  PRIMARY KEY (`level_id`)
) ENGINE=InnoDB DEFAULT CHARSET=utf8mb3 COLLATE=utf8mb3_unicode_ci;
/*!40101 SET character_set_client = @saved_cs_client */;

--
-- Dumping data for table `levels`
--

LOCK TABLES `levels` WRITE;
/*!40000 ALTER TABLE `levels` DISABLE KEYS */;
INSERT INTO `levels` VALUES (1,'School'),(2,'Chapter'),(3,'State'),(4,'National');
/*!40000 ALTER TABLE `levels` ENABLE KEYS */;
UNLOCK TABLES;

--
-- Table structure for table `questions`
--

DROP TABLE IF EXISTS `questions`;
/*!40101 SET @saved_cs_client     = @@character_set_client */;
/*!50503 SET character_set_client = utf8mb4 */;
CREATE TABLE `questions` (
  `question_id` int NOT NULL AUTO_INCREMENT,
  `level_id` int NOT NULL,
  `round_id` int NOT NULL,
  `year` int NOT NULL,
  `question_no` int NOT NULL,
  `question` text COLLATE utf8mb3_unicode_ci NOT NULL,
  `answers` varchar(200) COLLATE utf8mb3_unicode_ci NOT NULL,
  `credit` varchar(50) COLLATE utf8mb3_unicode_ci DEFAULT NULL,
  PRIMARY KEY (`question_id`),
  KEY `fk_level_id` (`level_id`),
  KEY `fk_round_id` (`round_id`),
  CONSTRAINT `fk_level_id` FOREIGN KEY (`level_id`) REFERENCES `levels` (`level_id`),
  CONSTRAINT `fk_round_id` FOREIGN KEY (`round_id`) REFERENCES `rounds` (`round_id`)
) ENGINE=InnoDB AUTO_INCREMENT=566 DEFAULT CHARSET=utf8mb3 COLLATE=utf8mb3_unicode_ci;
/*!40101 SET character_set_client = @saved_cs_client */;

--
-- Dumping data for table `questions`
--

LOCK TABLES `questions` WRITE;
/*!40000 ALTER TABLE `questions` DISABLE KEYS */;
INSERT INTO `questions` VALUES (1,2,4,2023,1,'What is the value of <math><mfrac><msup><mi>1</mi></msup><msup><mi>2</mi></msup></mfrac><mo>+</mo><mfrac><msup><mi>1</mi></msup><msup><mi>3</mi></msup></mfrac><mo>+</mo><mfrac><msup><mi>1</mi></msup><msup><mi>4</mi></msup></mfrac><mo>+</mo><mfrac><msup><mi>1</mi></msup><msup><mi>5</mi></msup></mfrac></math>? Express your answer as a common fraction.','77/60',NULL),(2,2,4,2023,2,'Raj made $200 doing odd jobs last month. He spent 49% of the money on video game accessories. How many dollars did Raj spend?','98|$98|98 dollars',NULL),(3,2,4,2023,3,'What percentage of positive integers less than or equal to a hundred are greater than or equal to 50?','51|51%',NULL),(4,2,4,2023,4,'Kwame is cutting isosceles right triangles with 6-inch legs from a 30-inch by 30-inch square sheet of plywood. What is the greatest number of triangles of this size he can cut?','50',NULL),(5,2,4,2023,5,'What is the value of the expression <math><msup><mi>1</mi><mn>1</mn></msup></math> + <math><msup><mi>2</mi><mn>2</mn></msup></math> + <math><msup><mi>3</mi><mn>3</mn></msup></math> + <math><msup><mi>4</mi><mn>4</mn></msup></math> ?','288',NULL),(6,2,4,2023,6,'What is the value of <math><msqrt><msup><mi>x</mi><mn>8</mn></msup><mo>+</mo><msup><mi>x</mi><mn>4</mn></msup><mo>+</mo><msup><mi>x</mi><mn>2</mn></msup></msqrt></math> when x = <math><mfrac><msup><mi>1</mi></msup><msup><mi>2</mi></msup></mfrac></math> ? Express your answer as a common fraction.','9/16',NULL),(7,2,4,2023,7,'The arithmetic mean of 5, 8, 11, a and b is 9. What is the value of a + b?','21',NULL),(8,2,4,2023,8,'If the sum of the number of roses and violets in a bouquet is 22, and roses outnumber violets by 2, what is the number of violets in the bouquet?','10',NULL),(9,2,4,2023,9,'Tucker owns a <i>tuk-tuk</i>, a motorized three-wheeled vehicle, which he uses to run a taxi tour. He charges $5 for every mile traveled on a tour, and the tuk-tuk can travel a maximum of 16 miles per hour. What is the minimum number of minutes that it would take Tucker\'s tuk-tuk taxi tour to tally $200 in total earnings?','150',NULL),(10,2,4,2023,10,'In scientific notation to 8 significant figures, the value of <math><msup><mi>17</mi><mn>2022</mn></msup></math> is equal to <math> 9.2836557 <mo>×</mo> <msup><mi>10</mi><mn>2487</mn></msup></math>. When written out as an integer, how many digits does <math><msup><mi>17</mi><mn>2022</mn></msup></math> have?','2488',NULL),(11,2,4,2023,11,'The total amount Raven paid for a book was $9.45, which included a 5% sales tax. What was the pre-tax price of the book, in dollars?','9|9 dollars|$9',NULL),(12,2,4,2023,12,'What percentage of positive integer divisors of 120 are even?','75|75%',NULL),(13,2,4,2023,13,'You have 6 blue shirts, 5 red shirts, 2 white shirts, 9 black shirts, 12 green shirts and 4 yellow shirts. If you randomly select one shirt, what is the probability you select a blue, black, or white shirt? Express your answer as a common fraction.','17/38',NULL),(14,2,4,2023,14,'A palindrome is a word or number that is the same when the letters or numbers are arranged in reverse order. For example, the word “racecar” and the number 1221 are palindromes. What is the largest palindrome smaller than 1,000,000 in which no digit occurs more than 2 times?','987789',NULL),(15,2,4,2023,15,'Two integers have a sum of 100 and a product of 2400. What is their absolute difference?','20',NULL),(16,2,4,2023,16,'Manny is thinking of a number. If Manny\'s number is divided by 13, then multiplied by 11, then decreased by 12, and then added to 73, the result is 94. What is Manny\'s original number?','39',NULL),(17,2,4,2023,17,'If a <math><mfrac><msup><mi>1</mi></msup><msup><mi>2</mi></msup></mfrac></math>-cup serving of oatmeal contains 150 calories, how many cups of oatmeal are needed for a portion of 200 calories? Express your answer as a common fraction.','2/3|2/3 cup|1.5|1.5 cup',NULL),(18,2,4,2023,18,'If A, B and C are distinct positive integers, what is the least possible value of the expression (A + B) − (A − B) + (B + C) − (B − C)?','6',NULL),(19,2,4,2023,19,'The sum of three distinct primes is 14. What is the product of these primes?','70',NULL),(20,2,4,2023,20,'All segments in the figure shown have length 2 cm and meet at right angles. What is the area of the figure, in square centimeters?','36|36 sqr(cm)',NULL),(21,2,4,2023,21,'Avery buys a pair of shoes for $34.00, not including sales tax. If this price is discounted by 15% from the original price, what was the original price in dollars? Express your answer to the nearest dollar.','40|$40|40 dollars',NULL),(22,2,4,2023,22,'The quiz scores of the 17 students in an algebra class are shown in this stem-and-leaf plot, where 8 | 2 represents a score of 82. What was the median quiz score for this class?','85',NULL),(23,2,4,2023,23,'A paper bill of any US denomination has a mass of 1 gram. What is the mass of $1,000,000 worth of 100 dollar bills, in kilograms?','10|10 kg|10 Kilograms',NULL),(24,2,4,2023,24,'What is the units digit of <math><<msup><mi>3</mi><mn>75</mn></msup></math>?','7',NULL),(25,2,4,2023,25,'Jeremy has been wearing a hat for <i>n</i> years. If he wears it for six more years, he will have worn the hat for <math><<msup><mi>n</mi><mn>2</mn></msup></math> years. How many years has Jeremy been wearing his hat?','3|3 years',NULL),(26,2,4,2023,26,'The quantity 60 is 320% of what number? Express your answer as a decimal to the nearest hundredth.','18.75',NULL),(27,2,4,2023,27,'Consider the set of all positive integers less than 50 that are divisible by 3. What is the mean of the set? Express your answer as a decimal to the nearest tenth.','25.5',NULL),(28,2,4,2023,28,'The two legs of a right triangle are 8 meters and 15 meters. What is the perimeter of the triangle in meters?','40|40 meters',NULL),(29,2,4,2023,29,'It takes Yoki 35 minutes to complete <math><mfrac><msup><mi>5</mi></msup><msup><mi>6</mi></msup></mfrac></math>\nof her homework. Assuming she works at a constant rate, how many minutes does it take her to complete all of her homework?','42|42 min|42 minutes',NULL),(30,2,4,2023,30,'What is the absolute difference of the sum of the first 2023 even positive integers and the first 2023 odd positive integers?','2023',NULL),(31,2,4,2023,31,'How many positive factors of 300 are not divisible by any perfect square greater than 1?','8',NULL),(32,2,4,2023,32,'A recipe for applesauce calls for 6 apples to make 8 servings. How many whole servings can be made if one uses 10 apples?','13',NULL),(33,2,4,2023,33,'Suppose that m + n = 20 and m − 3n = 23. What is the value of m − n? Express your answer as a common fraction.','43/2',NULL),(34,2,4,2023,34,'Lilyanna is making an ice cream sundae that must have ice cream in one of three different flavors, one of three different sauces, and one of two different toppings. How many different sundaes could Lilyanna make?','18',NULL),(35,2,4,2023,35,'The ratio of Aaron’s monthly wage to Jacy’s monthly wage is 5 to 3. If Aaron’s monthly wage is $3500, what is Jacy’s monthly wage, in dollars?','2100|$2100|2100 dollars',NULL),(36,2,4,2023,36,'Chris is painting a wall at a constant rate. At 2:00 p.m., he has painted <math><mfrac><msup><mi>3</mi></msup><msup><mi>4</mi></msup></mfrac></math> of the wall. Thirty minutes later, he has painted <math><mfrac><msup><mi>4</mi></msup><msup><mi>5</mi></msup></mfrac></math> of the wall. How many more minutes will it take Chris to finish painting the wall?','120|120 min|120 minutes',NULL),(37,2,4,2023,37,'What is the remainder when 123,000,000,000,321 is divided by 300?','21',NULL),(38,2,4,2023,38,'If Paula spent 12% of the money in the cookie jar and Evangeline spent 10% of what Paula spent, what percent of the money originally in the cookie jar did Evangeline spend? Express your answer to the nearest tenth of a percent.','1.2|1.2%',NULL),(39,2,4,2023,39,'What is the degree measure of the acute angle between the hour and the minute hands of a standard 12-hour clock showing the time 3:30?','75|75 degree',NULL),(40,2,4,2023,40,'Dan has a recipe for pancakes. Making 8 pancakes requires 1<math><mfrac><msup><mi>1</mi></msup><msup><mi>2</mi></msup></mfrac></math cups of flour. How many cups of flour are needed so that Dan can make 50 pancakes? Express your answer as a mixed number.','9 3/8',NULL),(41,2,4,2023,41,'If a = 16 and b = 9, what is the value of <math><mfrac><msup><mi>2(</mi><msqrt><msup><mi>a</mi></msup></msqrt><mo>+</mo><msqrt><msup><mi>b</mi></msup></msqrt><mi>)</mi><mo>+</mo><mi>a</mi><mo>-</mo><mi>b</mi></msup><msup><mi>21</mi></msup></mfrac></math>','1',NULL),(42,2,4,2023,42,'What is the sum of all positive integers n ≤ 30 for which <math><msup><mi>n</mi><mn>3</mn></msup></math> − 1 is odd?','240',NULL),(43,2,4,2023,43,'How much less is <math><mfrac><msup><mi>1</mi></msup><msup><mi>4</mi></msup></mfrac></math> of <math><mfrac><msup><mi>2</mi></msup><msup><mi>3</mi></msup></mfrac></math> than <math><mfrac><msup><mi>3</mi></msup><msup><mi>4</mi></msup></mfrac></math> of <math><mfrac><msup><mi>1</mi></msup><msup><mi>3</mi></msup></mfrac></math>? Express your answer as a common fraction.','1/12',NULL),(44,2,4,2023,44,'Bijan bought a bag of gumdrops. He sorted the gumdrops and found that 11 were green, 12 were yellow, 8 were red, and 14 were orange. The remaining 5 gumdrops were black. What percent of the gumdrops were black?','10|10%',NULL),(45,2,4,2023,45,'Kathy is given 30 doses of medicine and is told to take a single dose on days 1 through 14. Beginning on day 15, Kathy is told to take twice the daily dose each day until she has taken all the medicine. On what day will Kathy take her last dose?','22',NULL),(46,2,4,2023,46,'If <math><mfrac><msup><mi>2</mi></msup><msup><mi>x</mi></msup></mfrac></math> is the reciprocal of <math><mfrac><msup><mi>2</mi></msup><msup><mi>3</mi></msup></mfrac></math>, what is the value of x? Express your answer as a common fraction.','4/3',NULL),(47,2,4,2023,47,'How many positive integers less than 100 are divisible by 11?','9',NULL),(48,2,4,2023,48,'Consider the sequence 1, 11, 111, 1111, ..., where the nth term is the n-digit number whose digits are all 1s. What is the arithmetic mean of the first ten entries in this sequence?','123456790',NULL),(49,2,4,2023,49,'A cat eats <math><mfrac><msup><mi>2</mi></msup><msup><mi>3</mi></msup></mfrac></math> of a can of tuna a day. What is the minimum number of whole cans needed to feed 4 cats for a week?','19|19 cans',NULL),(50,2,4,2023,50,'Fred and Frank are playing one-on-one basketball. Fred scores twice as many points as Frank and together they score a total of 60 points. How many points does Fred score?','40',NULL),(51,2,4,2023,51,'What is the greatest prime factor of <math><msup><mi>2</mi><mn>2027</mn></msup></math> − <math><msup><mi>2</mi><mn>2023</mn></msup></math>?','5',NULL),(52,2,4,2023,52,'Mr. L’s first name has exactly 55% as many letters as his last name. What is the shortest possible length, in letters, for Mr. L’s first name?','11',NULL),(53,2,4,2023,53,'If A = 2x − x and B = 2x + x, and x is positive, what is the ratio of A to B? Express your answer as a common fraction.','1/3|1:3',NULL),(54,2,4,2023,54,'At Del’s Deli, three sandwiches and two drinks cost $18, while four sandwiches and one drink cost $23. What is the absolute difference in dollars, between the price of one sandwich and the price of one drink at Del’s Deli?','5',NULL),(55,2,4,2023,55,'Emma starts receiving an allowance of $5 per week at age 8. If her allowance is increased by $2 per week each year, how old will Emma be when her age equals the number of dollars received for her allowance each week?','11',NULL),(56,2,4,2023,56,'At exactly 4 o’clock, what is the degree measure of the angle formed by the hour hand and minute hand of a standard 12-hour clock?','120|120 degree',NULL),(57,2,4,2023,57,'What is the sum of all positive integer factors of 150?','372',NULL),(58,2,4,2023,58,'Martin began reading a 450 page book. After reading for one hour, he had read 75 pages. How many more hours will it take for Martin to finish the book if he continues to read at the same rate?','5',NULL),(59,2,4,2023,59,'What is the absolute difference between 75% of 900 and 900% of 75?','0',NULL),(60,2,4,2023,60,'What is the least value of z that is a solution to the equation <math><msup><mi>3(z – 1)</mi><mn>2</mn></msup></math>\n = 75?','-4',NULL),(61,2,4,2023,61,'Three friends went to a baseball game and spent a total of $98. Ursula spent $6 more than Fred, and Nate spent $4 less than Fred. How many dollars did Nate spend?','28',NULL),(62,2,4,2023,62,'Oliver has twelve pets, which are all cats or dogs. If the ratio of cats to dogs is 1:2, how many of his pets are dogs?','8|8 pets',NULL),(63,2,4,2023,63,'A cylinder has radius 2 cm and height 5 cm. If the radius and height are each increased by 1 cm, by what percent is the cylinder’s volume increased? Express your answer to the nearest whole percent.','170|170%',NULL),(64,2,4,2023,64,'How many even positive integers are factors of 354?','4',NULL),(65,2,4,2023,65,'How many minutes does it take Danica to drive 10 miles at 150 mi/h?','4|4 min',NULL),(66,2,4,2023,66,'How many positive integers n < 10,000 have an odd number of positive factors and also have exactly two odd positive factors?','0',NULL),(67,2,4,2023,67,'An elevator starts at the first floor and goes up to the twelfth floor. Then, it goes down five floors, then down another three floors and finally up nine floors. At what floor did the elevator stop?','13',NULL),(68,2,4,2023,68,'At a farmer’s market, Yaling pays $2 for 8 apples and $3 for 5 pears. How many dollars in total will she expect to pay for 12 apples and 10 pears?','9',NULL),(69,2,4,2023,69,'How many positive factors does 100,000 have that are not divisible by 10?','11',NULL),(70,2,4,2023,70,'Julia lists all the possible four-digit numbers that use only the digits 2, 3, 5 and 7, where each digit is used exactly once. She chooses one of the numbers at random. What is the probability that the number Julia chooses is even? Express your answer to the nearest percent.','25|25%',NULL),(71,2,4,2023,71,'Ping walked for 20 minutes at 3 mi/h, and then jogged for 30 minutes at 4 mi/h. How many miles did Ping travel in total?','3|3 miles',NULL),(72,2,4,2023,72,'The number 102,100 ends with 2 zeros. How many zeros are at the end of 100!?','24',NULL),(73,2,4,2023,73,'Gretchen has 10 indistinguishable rocks to be grouped into three different piles. All of the piles must have at least one rock, and the order of the piles does not matter. In how many different ways can Gretchen group her rocks?','8',NULL),(74,2,4,2023,74,'On Monday, Ashley washed her hair, used a clean towel, and put clean sheets on her bed. Ashley washes her hair every 2 days, gets a clean towel every 5 days, and gets clean sheets every 14 days. On what day of the week will she next have clean hair and a clean towel and fresh sheets?','Mon|Monday',NULL),(75,2,4,2023,75,'Flowers can be purchased in bundles of either 6 or 13. What is the greatest number of flowers that cannot be purchased?','59',NULL),(76,2,4,2023,76,'What is the greatest three-digit number whose digits have a product of 24?','831',NULL),(77,2,4,2023,77,'Talako buys a replica of Van Gogh’s famous painting “The Starry Night”. The original painting measures 2.5 feet by 3 feet, and Talako’s replica has 40% the area of the original. In square feet, what is the total area of Talako’s replica?','3',NULL),(78,2,4,2023,78,'Every day at his restaurant, Jack makes 10 pizzas, cut into 8 slices each. On Tuesday, he had 20 customers who each ate an average of 1.5 slices. What is the maximum number of whole pizzas left uneaten on Tuesday?','6',NULL),(79,2,4,2023,79,'Fifteen years from now, George will be three times as old as he was 5 years ago. How old is George now?','15',NULL),(80,2,4,2023,80,'The stem-and-leaf plot shown compares the number of miles driven last week for service calls for Company A and Company B. What was the median number of miles driven among all of the service calls?','26',NULL),(315,3,4,2023,1,'The members of a marching band are placed in a circle and numbered consecutively. If band member 8 is standing directly opposite band member 27, how many band members are there?','38',NULL),(316,3,4,2023,2,'In the figure shown, PQRSTU is a regular hexagon. What is the ratio of the area of quadrilateral PQST to the area of hexagon PQRSTU? Express your answer as a common fraction.','2/3',NULL),(317,3,4,2023,3,'Kate’s catering service offers a date cake. A recipe to make 12 plates of date cake requires 18 dates. How many whole date cake plates can caterer Kate make with 88 dates?','58',NULL),(318,3,4,2023,4,'A <i>yearly number</i> is a number that contains the sequence “2023”. For example, 312023 is a yearly number but 120023 is not. How many numbers that have seven digits and a nonzero millions digit are yearly numbers?','3700',NULL),(319,3,4,2023,5,'Charlie skied from Any Town to Big City, a distance of 12 miles, in 75 minutes. What was Charlie’s average speed, in miles per hour? Express your answer as a decimal to the nearest tenth.','9.6',NULL),(320,3,4,2023,6,'The first number that appears in both the arithmetic sequences {−8, −5, −2, 1, ...} and {−3, 2, 7, 12, ...} is 7. What is the seventh number that appears in both sequences?','97',NULL),(321,3,4,2023,7,'The dimensions of a rectangular prism, in meters, are all integers. If its length is twice its width, and its volume is 4200 <math><msup><mi>m</mi><mn>3</mn></msup></math>, what is the greatest possible width of the prism?','10|10 meters',NULL),(322,3,4,2023,8,'A 2 × 2 × 2 cube is removed from each corner of an 8 × 8 × 8 cube. What fraction of the original cube’s volume remains? Express your answer as a common fraction.','7/8',NULL),(323,3,4,2023,9,'What is the value of <math><msqrt><msup><mi>3</mi><mn>2</mn></msup><mo>+</mo><msup><mi>4</mi><mn>2</mn></msup><mo>+</mo><msup><mi>12</mi><mn>2</mn></msup></msqrt></math> ?','13',NULL),(324,3,4,2023,10,'What is the value of the expression <math><mfrac><mrow><msup><mi>3</mi><mn>n+3</mn></msup><mo>-</mo><mi>3</mi><mo>(</mo><msup><mi>3</mi><mn>n</mn></msup><mo>)</mo></mrow><mrow><mi>9</mi><mo>(</mo><msup><mi>3</mi><mn>n</mn></msup><mo>)</mo></mrow></mfrac></math> when n = 2022? Express your answer as a common fraction.','8/3',NULL),(325,3,4,2023,11,'When x = 7, <math><msup><mi>x</mi><mn>2</mn></msup><mo>+</mo><mi>11x</mi><mo>+</mo><mi>c</mi><mo>=</mo><mi>0</mi></math>. What is the value of c?','-126',NULL),(326,3,4,2023,12,'A circle has 9 points evenly spaced around the circumference. How many different segments can be formed by joining a pair of these points?','36',NULL),(327,3,4,2023,13,'The area of Circle 1 is three times the area of Circle 2. What is the ratio of the radius of Circle 1 to the radius of Circle 2? Express your answer in simplest radical form.','sqrt(3)',NULL),(328,3,4,2023,14,'If <math><mi>7k</mi><mo>+</mo><mi>4j</mi><mo>=</mo><mi>35</mi></math> and <math><mi>5k</mi><mo>+</mo><mi>8j</mi><mo>=</mo><mi>25</mi></math>, what is the value of k + j?','5',NULL),(329,3,4,2023,15,'What is the value x if <math><mi>20x</mi><mo>+</mo><mi>23</mi><mo>=</mo><mi>2023</mi></math> ?','100',NULL),(330,3,4,2023,16,'How many digits are there in <math><msup><mi>50</mi><mn>6</mn></msup><mo>x</mo><msup><mi>4</mi><mn>3</mn></msup></math> when it is written out in base 10?','13',NULL),(331,3,4,2023,17,'A two-by-four is a piece of lumber of varying length that is cut to be two inches deep and four inches wide. Then it is sanded down until smooth. The finished size is <math><mi>1</mi><mfrac><mi>3</mi><mi>4</mi></mfrac></math> inches by <math><mi>3</mi><mfrac><mi>3</mi><mi>4</mi></mfrac></math> inches. What percent of the volume of the wood is removed in the sanding process? Express your answer to the nearest percent.','18|18%',NULL),(332,3,4,2023,18,'How many positive integers <i>n</i> satisfy the relation <math><msup><mi>2</mi><mn>300</mn></msup></math>< <math><msup><mi>n</mi><mn>100</mn></msup></math>< <math><msup><mi>3</mi><mn>200</mn></msup></math> ?','0',NULL),(333,3,4,2023,19,'In the right triangle shown, the ratio of AB to BC is the same as the ratio of AB to AC. What is the degree measure of angle B?','45|45 degrees',NULL),(334,3,4,2023,20,'A 12-ft deep, 40-ft wide and 25-ft long swimming pool is being filled with water. If 1425 cubic feet of the pool’s volume needs to be left empty, how many cubic feet of water is used to fill the pool?','10575|10,575',NULL),(335,3,4,2023,21,'What is the mean of the following numbers: 0, 0, 1, 2, 3, 4, 5, 10, 10, 10? Express your answer as a decimal to the nearest tenth.','4.5',NULL),(336,3,4,2023,22,'Rachel cuts a straight length of ribbon at a random place on the ribbon. What is the probability she cuts it in such a way that one of the pieces is at least twice as long as the other? Express your answer as a common fraction.','2/3',NULL),(337,3,4,2023,23,'What is the value of the expression <math><mfrac><mrow><msup><mi>2</mi><mn>2024</mn></msup><mo>-</mo><msup><mi>2</mi><mn>2022</mn></msup></mrow><mrow><msup><mi>2</mi><mn>2023</mn></msup><mo>-</mo><msup><mi>2</mi><mn>2021</mn></msup></mrow></mfrac></math> ?','2',NULL),(338,3,4,2023,24,'What is the circumference of a circle whose area is 225π <math><msup><mi>in</mi><mn>2</mn></msup></math> ? Express your answer in terms of π.','30|30 pi',NULL),(339,3,4,2023,25,'The figure shows the graph of the line <math><mi>x</mi><mo>=</mo><mi>ay</mi><mo>+</mo><mi>b</mi></math>. What is the value of <math><mi>a</mi><mo>+</mo><mi>b</mi></math>? Express your answer as a common fraction.','9/2',NULL),(340,3,4,2023,26,'What is the least possible value of x that satisfies the equation <math><mfrac><mi>x</mi><mi>2</mi></mfrac><mo>=</mo><mfrac><mi>3</mi><mrow><mi>x</mi><mo>+</mo><mi>1</mi></mrow></mfrac></math> ?','-3',NULL),(341,3,4,2023,27,'Noor is the youngest of five sisters. The average of their ages, which are all different whole numbers, is 12 years. What is the oldest that Noor can be, in years?','10',NULL),(342,3,4,2023,28,'The combined volume of a sphere of radius 2 cm and a cylinder of radius 2 cm and height 2 cm equals the volume of a cone of radius 1 cm and height <i>h</i>. What is the value of <i>h</i>?','56|56cm',NULL),(343,3,4,2023,29,'A 3 × 3 × 3 wooden cube has three faces painted blue, and then the cube is cut into 27 unit cubes. What percentage of the combined surface area of the 27 unit cubes is blue? Express your answer to the nearest whole percent.','17|17%',NULL),(344,3,4,2023,30,'In water, the ratio of the weight of oxygen to the weight of hydrogen is approximately 8:1. Given that 16 ounces equals a pound, how many ounces of oxygen would be in 1 pound of water? Express your answer as a mixed number.','14 2/9',NULL),(345,3,4,2023,31,'What is the value of the expression <math><msup><mi>2023</mi><mn>2</mn></msup><mo>-</mo><msup><mi>1977</mi><mn>2</mn></msup></math>?','184000|184,000',NULL),(346,3,4,2023,32,'The image of P(2, 3) reflected across the line x = −1 is P′. The image of P′ reflected across the line y = x is P′′. What is the sum of the x- and y-coordinates of P′′?','-1',NULL),(347,3,4,2023,33,'Consider the graph shown here. Suppose that two distinct points are randomly selected from the set {<math><msub><mi>P</mi><mn>1</mn></msub></math> , <math><msub><mi>P</mi><mn>2</mn></msub></math> , ..., <math><msub><mi>P</mi><mn>14</mn></msub></math> } and a line is drawn through the two points. What is the probability that the line passes through point Q(2, 2)? Express your answer as a common fraction.','4/91',NULL),(348,3,4,2023,34,'Johnny swims 8 laps in the pool every Monday and every Tuesday. He swims 12 laps in the pool every Saturday. Given that January 1, 2022 was a Saturday, and January has 31 days, how many laps did Johnny swim in January 2022?','132|132 laps',NULL),(349,3,4,2023,35,'When A (3, 8) is rotated clockwise 90 degrees about the origin, the image is A′(x, y). What is the value of x + y?','5',NULL),(350,3,4,2023,36,'What is the value of the expression 0.<span style=\"text-decoration:overline;\"23</span> + <math><mfrac><mi>2</mi><mi>3</mi></mfrac></math> ? Express your answer as a common fraction.','89/99',NULL),(351,3,4,2023,37,'What is the sum of all of the integer solutions x to the equation <math><msup><mi>(x-4)</mi><mn>4x-8</mn></msup><mo>=</mo><mi>1</mi></math>?','10',NULL),(352,3,4,2023,38,'At a party, the DJ will play three different cumbias and three different merengues. If each song plays once, and the cumbias and the merengues must alternate in the playlist, what is the number of possible playlists?','72',NULL),(353,3,4,2023,39,'For how many positive integers n is <math><mfrac><mi>2022</mi><mi>n-1</mi></mfrac></math> an integer?','8',NULL),(354,3,4,2023,40,'What is the value of the expression <math><msup><mi>2</mi><mn>3</mn></msup><mo>x</mo><msup><mi>4</mi><mn>2</mn></msup><mo>x</mo><msup><mi>16</mi><mn>-1</mn></msup></math>?','8',NULL),(355,3,4,2023,41,'A right triangle has side lengths 5 cm, 12 cm and 13 cm. An altitude is drawn from the right angle to the opposite side, dividing the triangle into two smaller triangles. Let A be the area of the smaller of those two triangles and let B be the area of the larger triangle, in square centimeters. What is the ratio of A to B? Express your answer as a common fraction.','25/144',NULL),(356,3,4,2023,42,'If <math><msup><mi>(x+y)</mi><mn>2</mn></msup><mo>=</mo><mi>47</mi></math> and <math><msup><mi>(x-y)</mi><mn>2</mn></msup><mo>=</mo><mi>11</mi></math>, then what is the value of xy?','9',NULL),(357,3,4,2023,43,'When the result of multiplying <math><msup><mi>20</mi><mn>4</mn></msup></math> by sixty thousand is expressed in scientific notation, the result is a × <math><msup><mi>10</mi><mn>b</mn></msup></math>. What is the value of a? Express your answer as a decimal to the nearest tenth.','9.6',NULL),(358,3,4,2023,44,'On January 1, Jane walks 27 miles. On January 2, Jane walks 9 miles. On January 3, Jane walks 3 miles. She continues in this way, so that each day she walks <math><mfrac><mi>1</mi><mi>3</mi></mfrac></math> as far as the day before. There are 31 days in January. How many miles does Jane walk in January? Express your answer as a decimal to the nearest tenth.','40.5',NULL),(359,3,4,2023,45,'A number is increased by 50%, then the result is increased by 40%. If the final number is 23.1 greater than the original, what is the original number?','21',NULL),(360,3,4,2023,46,'What is the least positive integer with 8 odd positive divisors and 16 even positive divisors?','420',NULL),(361,3,4,2023,47,'If <math><mfrac><mi>2</mi><mi>x</mi></mfrac><mo>&#x3c</mo><mfrac><mi>x</mi><mi>7</mi></mfrac></math> , what is the least possible positive integer value of x?','4',NULL),(362,3,4,2023,48,'If the average of 35, 45 and x is equal to five more than twice x, what is the value of x?','13',NULL),(363,3,4,2023,49,'When y = 1.5, what is the value of <math><mfrac><mrow><msup><mi>(y+1)</mi><mn>4</mn></msup><mo>-</mo><msup><mi>(y+1)</mi><mn>3</mn></msup></mrow><msup><mi>(y+1)</mi><mn>2</mn></msup></mfrac></math> ? Express your answer as a decimal to the nearest hundredth.','3.75',NULL),(364,3,4,2023,50,'Miranda measures out <math><mfrac><mi>5</mi><mi>8</mi></mfrac></math> of a cup of quinoa, which will provide 1 serving for each of her 6 dinner guests. However, 2 more guests show up late. How many additional cups of quinoa does Miranda need to measure out for the extra guests, if they want 1 serving each? Express your answer as a common fraction.','5/24',NULL),(365,3,4,2023,51,'A business suit has been discounted by 30%. A coupon offers 25% off the already reduced price. If the final price after sales tax is 56.7% of the original price, then what is the percent rate of sales tax?','8|8%',NULL),(366,3,4,2023,52,'What is the value of <math><mfrac><mi>5!</mi><mi>4!</mi></mfrac><mo>x</mo><mfrac><mi>3!</mi><mi>2!</mi></mfrac></math> ?','15',NULL),(367,3,4,2023,53,'If <math><msup><mi>3</mi><mn>6x+2</mn></msup><mo>=</mo><mfrac><mi>1</mi><mi>81</mi></mfrac></math> , what is the value of <math><msup><mi>2</mi><mn>3-4x</mn></msup></math>?','128',NULL),(368,3,4,2023,54,'Point (m, −103) lies on the line whose equation is x − 4y = −40. What is the value of m?','-452',NULL),(369,3,4,2023,55,'A square is inscribed in a circle which is then inscribed in a larger square. What is the ratio of the area of the smaller square to the area of the larger square?','1/2',NULL),(370,3,4,2023,56,'If the remainder when 6n is divided by 7 is 5, what is the remainder when n is divided by 7?','2',NULL),(371,3,4,2023,57,'If 3m + 12n = 51 and 7m + 3n = −6, what is the value of n − m?','8',NULL),(372,3,4,2023,58,'An incandescent bulb which uses 100 joules of energy per second is replaced with an LED which uses 17 joules per second. How many fewer joules does the LED bulb use than the incandescent bulb over a period of one hour?','298800|298,800',NULL),(373,3,4,2023,59,'A square pyramid and a square prism have the same height and the same length of side of the bases. How many times would James need to fill the pyramid with sand in order to fill the prism?','3',NULL),(374,3,4,2023,60,'A book has 163 pages. On the second page there is a picture, and there is a picture on every sixth page thereafter. How many pictures are in the book?','27',NULL),(375,3,4,2023,61,'A total of two hundred adult and student tickets were sold to the spring play. Adults were charged $8 each, and children were charged $5 each. If there was a total of $1375 collected, then how many adult tickets were sold?','125',NULL),(376,3,4,2023,62,'Beth entered a speed skating competition where she completed the 6-mile course in 12 minutes. What was her average speed, in miles per hour?','30',NULL),(377,3,4,2023,63,'In mudderball, a flibber is worth 6 points and a globber is worth 3 points. Suppose a team scored 210 points and made 8 more flibbers than globbers. How many globbers did the team make?','18',NULL),(378,3,4,2023,64,'In a stadium, there are 20 seats in the first row. Every row after the first row has 4 more seats than the preceding row. If the stadium has 50 rows, how many seats are in the stadium?','5900',NULL),(379,3,4,2023,65,'Tess buys 37 pairs of gloves for $2.97 each. To the nearest dollar, how much money does she spend?','110|$110',NULL),(380,3,4,2023,66,'The sum of the degree measures of the interior angles of 9 triangles, 5 rectangles, and 3 pentagons is equal to the sum of the interior angles of how many hexagons?','7',NULL),(381,3,4,2023,67,'What is the sum of all values of x that satisfy the equation <math><msup><mi>x</mi><mn>4</mn></msup><mo>-</mo><msup><mi>5x</mi><mn>2</mn></msup><mo>+</mo><mi>4</mi><mo>=</mo><mi>4</mi></math>?','0',NULL),(382,3,4,2023,68,'Mr. Rasmussen is 84 years old. He has a son and a grandson. When Mr. Rasmussen was as old as his son is now, his grandson was 2 years old. If the sum of the ages of Mr. Rasmussen and his grandson is 114, how old is Mr. Rasmussen’s son?','56',NULL),(383,3,4,2023,69,'What is the absolute difference between the geometric and arithmetic means of 8 and 50?','9',NULL),(384,3,4,2023,70,'Jenny enters a bird calling contest in which she chooses an ordered program listing of three different birds from the following choices: the American black duck, which goes <i>quack</i>; the black skimmer, which goes <i>kawp</i>; the dusky grouse, which goes <i>kwa</i>; and the yellow-billed cuckoo, which goes <i>kowp</i>. How many possible programs exist which have Jenny say <i>kwa</i>?','18',NULL),(385,3,4,2023,71,'If the points (−1, 2), (−10, 19) and (b, −32) lie on the same line, then what is the value of b?','17',NULL),(386,3,4,2023,72,'Nine consecutive integers have a sum of 144. What is the product of the least and the greatest of the nine integers?','240',NULL),(387,3,4,2023,73,'Ryan makes a list of odd integers from 1 to 100 that only have an even number of positive factors. How many numbers are in his list?','45',NULL),(388,3,4,2023,74,'What is the degree measure of the largest angle of a hexagon if the angle measures form an arithmetic sequence and the smallest angle measures 80 degrees?','160',NULL),(389,3,4,2023,75,'Kelly the kangaroo starts at the origin of a coordinate plane. In any given hop, she can hop exactly one unit up or one unit to the right. At how many distinct locations can she end up after 100 hops?','101',NULL),(390,3,4,2023,76,'What is the sum in base 10 of <math><msub><mi>44</mi><mn>5</mn></msub></math> and <math><msub><mi>32</mi><mn>5</mn></msub></math> ?','41',NULL),(391,3,4,2023,77,'What is the least positive integer n that satisfies the equation <math><msup><mi>(2022 - n)</mi><mn>2</mn></msup><mo>=</mo><msup><mi>(n - 2022)</mi><mn>2</mn></msup></math>?','1',NULL),(392,3,4,2023,78,'What is the value of the expression <math><mfrac><mrow><msup><mi>2</mi><mn>10</mn></msup><mo>-</mo><msup><mi>8</mi><mn>3</mn></msup></mrow><mrow><msup><mi>16</mi><mn>2</mn></msup><mo>+</mo><msup><mi>4</mi><mn>3</mn></msup></mrow></mfrac></math> ? Express your answer as a common fraction.','8/5',NULL),(393,3,4,2023,79,'Tickets to a musical were sold either at full price or at half price. If the half-price tickets brought in 50% more money than the full-price tickets, what fraction of the tickets were sold at half price? Express your answer as a common fraction.','3/4',NULL),(394,3,4,2023,80,'The area of Jack’s kitchen is 135 ft , and its width is three-fifths of its length. What is the sum of its length and width, in feet?','24',NULL),(395,2,1,2023,1,'What is the total cost of 3 jars of peanut butter priced $5 each and 5 jars of jelly priced $3 each?','30|$30|30.00',NULL),(396,2,1,2023,2,'What is the absolute difference between <math><msup><mi>2</mi><mn>5</mn></msup></math> and <math><msup><mi>5</mi><mn>2</mn></msup></math>?','7',NULL),(397,2,1,2023,3,'What is the value of the expression <math><mfrac><mi>1</mi><mi>5</mi></mfrac><mo>+</mo><mfrac><mi>11</mi><mi>15</mi></mfrac></math> ? Express your answer as a common fraction.','14/15',NULL),(398,2,1,2023,4,'Bob has $50 in his pocket when he sets off for the movie theatre. After he pays $10 for a ticket, $8 for popcorn and $7 for a soda, how much money does Bob have left in his pocket?','25|$25|25.00',NULL),(399,2,1,2023,5,'What is the area of the right triangle shown with legs of lengths 5 cm and 8 cm?','20',NULL),(400,2,1,2023,6,'The figure shows a large square divided into 25 congruent squares. What percent of the figure is shaded?','36|36%',NULL),(401,2,1,2023,7,'On the number line shown, the number n is one-third of the way from 0 to 6. What is the value of n?','2',NULL),(402,2,1,2023,8,'What is the value of <math><mfrac><mi>1</mi><mi>2</mi></mfrac></math> of <math><mfrac><mi>1</mi><mi>3</mi></mfrac></math> of <math><mfrac><mi>1</mi><mi>4</mi></mfrac></math> of 240?','10',NULL),(403,2,1,2023,9,'For the function graphed here, what is the greatest value of x for which y = −1?','-1',NULL),(404,2,1,2023,10,'If 4n + 1 = 250, what is the nearest integer to the value of n?','62',NULL),(405,2,1,2023,11,'What is the value of the expression <math><msqrt><mfrac><mi>1</mi><mn>4</mn></mfrac></msqrt><mo>+</mo><msqrt><mfrac><mi>1</mi><mn>9</mn></mfrac></msqrt><mo>+</mo><msqrt><mfrac><mi>1</mi><mn>16</mn></mfrac></msqrt></math> ? Express your answer as a common fraction.','13/12',NULL),(406,2,1,2023,12,'The sum of two numbers is 9 and their absolute difference is 3. What is their product?','18',NULL),(407,2,1,2023,13,'Of the fish in Ari’s aquarium, <math><mfrac><mi>1</mi><mi>2</mi></mfrac></math> are red, <math><mfrac><mi>1</mi><mi>4</mi></mfrac></math> are blue and <math><mfrac><mi>1</mi><mi>8</mi></mfrac></math> are black. The remaining 4 fish are yellow. Given that all of Ari’s fish are a single color, how many fish are in Ari’s aquarium?','32',NULL),(408,2,1,2023,14,'A bag is filled with 100 marbles each colored red, white or blue. The table shows the results when Cia randomly draws 10 marbles. Based on this data, how many of the marbles in the bag are expected to be red?','20',NULL),(409,2,1,2023,15,'Margaret holds tea parties every Tuesday afternoon for the purpose of using her collection of 100 teacups. If she invites n people, she will use n + 1 teacups: one for each invited guest and one for herself. If she has already had 24 tea parties, each with two guests, how many tea parties with three guests should she host to ensure each teacup is used exactly once?','7',NULL),(410,2,1,2023,16,'Evan gets stuck in an elevator. At 12:11 a.m., the elevator repair company dispatches a technician who is 75 miles away. The technician drives at an average speed of 50 mi/h, and after arriving, takes 10 minutes to enter the building, and then an additional 7 minutes to unlock the elevator. At what time is Evan released from the elevator?','1:58|01:58',NULL),(411,2,1,2023,17,'If the median of the data set {x + 2, x + 3, x − 4, x − 1, x + 1} is 6, what is the value of x?','5',NULL),(412,2,1,2023,18,'Let x, y and z be positive integers with x < y < z. If the mean of x, y and z is 99, what is the greatest possible value of z?','294',NULL),(413,2,1,2023,19,'Which digit should replace E in the units place of the number 1,234,56E so that the number is divisible by 9?','6',NULL),(414,2,1,2023,20,'During P.E. class, twelve students take turns playing an 8-player game. If class lasts 1 hour and each student plays the same amount of time, what is the maximum number of minutes each student can actively be playing the game?','40',NULL),(415,2,1,2023,21,'Triangle ABC has AB = 10 and BC = 6. How many different integer lengths are possible for side AC?','11',NULL),(416,2,1,2023,22,'Consider the geometric sequence <math><msub><mi>a</mi><mn>1</mn></msub></math> = 1, <math><msub><mi>a</mi><mn>2</mn></msub></math> = 2, <math><msub><mi>a</mi><mn>3</mn></msub></math> = 4, <math><msub><mi>a</mi><mn>4</mn></msub></math> = 8,.... What is the average of the first 10 terms of this sequence? Express your answer as a decimal to the nearest tenth.','102.3',NULL),(417,2,1,2023,23,'Isosceles trapezoid MATH, shown here, has height 4 cm. If AT = HM = 5 cm and TH = 4 cm, what is the perimeter of trapezoid MATH?','24',NULL),(418,2,1,2023,24,'If x + 2y = 9 and 5x + 4y = −4, what is the value of 8x + 10y?','23',NULL),(419,2,1,2023,25,'Grace made over four dozen cupcakes. If she makes packages of 2 cupcakes, then there is 1 left over. Packaging in groups of 3 cupcakes leaves 2 left over, and packaging in groups of 4 cupcakes leaves 3 left over. What is the fewest number of cupcakes Grace could have made?','59',NULL),(432,2,1,2023,26,'What is the value of 45 + 2 15 ? Express your answer as a common fraction in simplest radical form.','sqrt(30)/8',NULL),(433,2,2,2023,1,'Alton paid $31.50 for 15 coloring books and 3 boxes of crayons. A coloring book costs half as much as a box of crayons. How much does one coloring book cost?','1.50|$1.50|1.50 dollars',NULL),(434,2,2,2023,2,'A fortnight is a period of time measuring two weeks. If a microfortnight is defined to be one millionth of a fortnight, how many seconds long is a microfortnight? Express your answer as a decimal to the nearest hundredth. ','1.21|1.21 sec|1.21 seconds',NULL),(435,2,2,2023,3,'In the following sequence, each term is the sum of the two previous terms: a, b, c, d, 8, 15, 23, 38, 61. What is the value of a + c?','-4',NULL),(436,2,2,2023,4,'In trapezoid ABCD, shown here, vertex A is the center of the circle, vertex D lies on the circle, and vertices B and C are right angles. If AB = 14.9 cm, BC = 5.3 cm and DC = 9.6 cm, what is the area of the shaded sector of the circle? Express your answer as a decimal to the nearest tenth.','22.1',NULL),(437,2,1,2023,27,'Each face of a right square pyramid has a perimeter of 24 cm. What is the volume of the pyramid? Express your answer in simplest radical form.','36*sqrt(7)|36 sqrt(7)|36sqrt(7)',NULL),(438,2,2,2023,5,'Four friends, Wally, Eli, Yuko, and Sam, live in different neighborhoods and commute to school every day by bus. Eli’s neighborhood is half as far from school as Wally’s. Yuko travels as far as the total distance traveled by Wally and Eli. Sam travels 3 times the distance that Wally travels. How many blocks does Wally travel to school if the friends together travel 888 blocks? ','148|148 blocks',NULL),(439,2,2,2023,6,'Suppose that 4 letters are chosen at random without replacement from the phrase “MAZAMORRA MORADA.” What is the probability that the four letters chosen can be arranged to spell AMOR? Express your answer as a common fraction. ','6/91',NULL),(440,2,2,2023,7,'Two parallel planes a distance of 8 meters apart intersect a sphere. Each of the circles where the planes intersects the sphere has an area of 128π <math><msup><mi>m</mi><mn>2</mn></msup></math>. What is the surface area of the sphere? Express your answer in terms of π.','576pi|576 pi',NULL),(441,2,2,2023,8,'Each workday when Kate arrives at the office, she does one of the following: either Kate says “Good morning” to her coworkers, or Kate says nothing to her coworkers. On Monday, Kate says “Good morning” to her coworkers. If on each subsequent day there is a 75% chance that she will repeat her previous day’s behavior, what is the probability that on Friday Kate says “Good morning” to her coworkers? Express your answer as a common fraction. ','17/32',NULL),(442,2,1,2023,28,'If each of a, b and c is the cube of some nonzero integer, what is the product of all of the different possible values of <math><mfrac><mi>abc</mi><mi>|abc|</mi></mfrac><mo>+</mo><mfrac><mi>ab</mi><mi>|ab|</mi></mfrac><mo>+</mo><mfrac><mi>ac</mi><mi>|ac|</mi></mfrac><mo>+</mo><mfrac><mi>bc</mi><mi>|bc|</mi></mfrac><mo>+</mo><mfrac><mi>a</mi><mi>|a|</mi></mfrac><mo>+</mo><mfrac><mi>b</mi><mi>|b|</mi></mfrac><mo>+</mo><mfrac><mi>c</mi><mi>|c|</mi></mfrac></math> ?','-7',NULL),(443,2,1,2023,29,'The area of a rectangle is 32 cm . What is the least possible integer perimeter of the rectangle?','23',NULL),(444,2,1,2023,30,'Consider the six points on the circle shown. If George draws line segments connecting pairs of points so that each point is connected to exactly two other points, what is the probability that the resulting figure is a convex hexagon? Express your answer as a common fraction.','1/70',NULL),(445,3,2,2023,1,'An arithmetic operation (+, −, ×, or ÷) is written in each blank in the expression 4 __ 3 __ 3. How many different values can result when this expression is evaluated?','13',NULL),(446,3,2,2023,2,'The point P has coordinates (m, n) where m and n are integers. Suppose that P is reflected across the x-axis to obtain the point Q. Then the point Q is reflected across the y-axis to obtain the point R. Given that the area of triangle PQR is 80 <math><msup><mi>units</mi><mn>2</mn></msup></math>, what is the least possible value of |m + n| ?','3',NULL),(447,3,2,2023,3,'January 1, 2023 was a Sunday. How many Sundays are there in 2023?','53|53 sundays|53 Sundays',NULL),(448,3,2,2023,4,'In the figure shown, the center of circle O is located on side PQ of square PQST. Given that PO = 2 cm, RS = 4 cm, and ST = 6 cm, what is the area of the shaded region? Express your answer in terms of π.','28-5pi|-5pi+28|28 - 5pi|-5pi + 28',NULL),(449,3,2,2023,5,'The set of integers {1, 3, 9, 11, x} has the same mean and median. What is the sum of the possible values of x?','18',NULL),(450,3,2,2023,6,'Spencer writes a two-digit number in each of the blanks in the sentence shown to make the sentence a true statement. Both digits of each number are drawn from the set {1, 4, 7}, and Spencer is allowed to repeat digits and write the same number more than once. In how many different ways could he fill in the three blanks? ','25|25 ways',NULL),(451,3,2,2023,7,'Right triangle DEF has one side of length 2023 meters and is similar to the right triangle shown. What is the area of triangle DEF if all of its sides have integer lengths?','849660|849,660',NULL),(452,3,1,2023,1,'What integer is closest to <math><mfrac><mi>4.7</mi><mi>2</mi></mfrac></math> ?','2',NULL),(453,3,2,2023,8,'The sequence <math><msub><mi>a</mi><mn>1</mn></msub></math>, <math><msub><mi>a</mi><mn>2</mn></msub></math>, ..., <math><msub><mi>a</mi><mn>6</mn></msub></math> is a nonconstant geometric sequence of positive integers in which each term is less than 2023. What is the greatest possible value of <math><msub><mi>a</mi><mn>1</mn></msub></math> + <math><msub><mi>a</mi><mn>2</mn></msub></math> + ⋯ + <math><msub><mi>a</mi><mn>6</mn></msub></math>?','5320',NULL),(454,3,1,2023,2,'What is the value of <math><mfrac><mrow><msup><mi>10</mi><mn>3</mn></msup></mrow><mrow><msup><mi>3</mi><mn>4</mn></msup><mo>-</mo><mi>1</mi></mrow></mfrac></math>? Express your answer as a decimal to the nearest tenth.','12.5',NULL),(455,3,1,2023,3,'What is the greatest integer value of t for which 3t < 260?','86',NULL),(456,3,1,2023,4,'In triangle ABC, m<span class=\"angle\">∠</span>A = 40 degrees and m<span class=\"angle\">∠</span>B = 85 degrees. What is the measure of <span class=\"angle\">∠</span>C?','55',NULL),(457,3,1,2023,5,'The arithmetic mean of 4, 8, 6, 9 and n is 6. What is the value of n?','3',NULL),(458,3,1,2023,6,'Calvin and Susie live on the same side of a street, as shown, where adjacent houses have address numbers that differ by six. If Calvin’s address number is 2021 and is less than Susie’s address number, what is Susie’s address number?','2039',NULL),(459,3,1,2023,7,'The perimeter of a rectangle is 36 mm. What is the greatest possible area of the rectangle?','81',NULL),(460,3,1,2023,8,'It requires 5 tablespoons of flour to make 15 gulab jamun. Given that there are 16 tablespoons in a cup, how many cups of flour are required to make 200 gulab jamun? Express your answer as a mixed number.','4 1/6',NULL),(461,3,1,2023,9,'The absolute difference of two positive numbers is 3, and their product is 40. What is their sum?','13',NULL),(462,3,1,2023,10,'Nautical dawn is the time in the morning when the center of the sun is 12 degrees below the horizon. Civil dawn is the time in the morning when the center of the sun is 6 degrees below the horizon. Assuming that one day corresponds to one full rotation, how many minutes pass between nautical dawn and civil dawn?','24',NULL),(463,3,1,2023,11,'The figure shows a map of the sidewalks in Glenn’s neighborhood. If all sidewalks intersect at right angles, how many different routes can Glenn take from home to school traveling only on sidewalks and in the shortest possible distance?','4',NULL),(464,3,1,2023,12,'Lisa is playing basketball with her friend Leslie. Lisa scores 21 points on 8 successful baskets. Each basket was worth either 2 or 3 points. How many baskets worth 3 points did Lisa make?','5',NULL),(465,3,1,2023,13,'Jesse is making snowballs to have a snowball fight. If Jesse can make 1 snowball every 4 minutes, but 2 snowballs melt every 15 minutes, how long will it take Jesse working continuously to accumulate 21 snowballs? Express your answer to the nearest whole number of hours.','3',NULL),(466,3,1,2023,14,'Seven consecutive odd integers sum to 217. What is the least of the seven integers?','25',NULL),(467,3,1,2023,15,'If <math><mi>a</mi><mo>&#x2297;</mo><mi>b</mi><mo>=</mo><msup><mi>a</mi><mn>2</mn></msup><mo>+</mo><mi>b</mi><mo>-</mo><mi>3a</mi></math>, what is the value of <math><mi>2</mi><mo>&#x2297;</mo><mi>(3</mi><mo>&#x2297;</mo><mi>(-1))</mi></math>)?','-3',NULL),(468,3,1,2023,16,'In the figure shown, PQRS is a rectangle and PQT is an isosceles triangle. Given that the area of pentagon PTQRS is 36 <math><msup><mi>cm</mi><mn>2</mn></msup></math>, what is length PT? Express your answer in simplest radical form.','2 sqrt(13)|2sqrt(13)',NULL),(469,3,1,2023,17,'Lauren and Ally are going to race. Lauren runs 0.4 m/s faster than Ally. If Lauren is going to run 100 meters, how many meters ahead of Lauren does Ally need to start in order for both runners to reach the finish line in 20 seconds?','8',NULL),(470,3,1,2023,18,'The lengths, in units, of the sides of a quadrilateral are given in the figure shown. What is the value of x? Express your answer in simplest radical form.','-2+sqrt(21)|sqrt(21)-2',NULL),(471,3,1,2023,19,'A dartboard is made up of three concentric circles, as shown, with radii 7 inches, 5 inches and 1 inch. What is the probability that a randomly thrown dart that hits this dartboard will be closer to the circle of radius 5 inches than to either of the other two circles? Express your answer as a common fraction.','27/49',NULL),(472,3,1,2023,20,'The arithmetic mean of two numbers is 7 and their geometric mean is 5. What is the sum of the squares of the two numbers?','146',NULL),(473,3,1,2023,21,'Let x = 352,ABC,052, where A, B and C represent digits that are not necessarily distinct. How many ordered triples (A, B, C) exist for which x is divisible by 44?','91',NULL),(474,3,1,2023,22,'Amira takes four blank cards and writes the letters and numerals shown in the figure on the front of the cards. Amira then flips over the cards, shuffles them, and randomly writes the letters and numerals shown on the back of the cards. What is the probability that the following statement is true for all cards: “If a card has a letter written on one side, then the letter A is not written on the other side of that card.”? Express your answer as a common fraction.','1/6',NULL),(475,3,1,2023,23,'The line L passes through the point (8, 11), and the smaller angle formed by the line L and the line y = x measures 31 degrees. What is the greatest possible degree measure of the smaller angle formed between the line L and the line y=x<math><msqrt><mi>3</mi></msqrt></math>?','46',NULL),(476,3,1,2023,24,'In the 3 × 3 array shown, the sums of all 3 rows and all 3 columns are different. Yang wants to change the values of some of the entries in order to make the sum of all 3 rows and all 3 columns the same. For example, one possibility is that Yang could change every entry into the number 9, which would require changing 8 values. What is the fewest possible entries that Yang could change to achieve his goal?','4',NULL),(477,3,1,2023,25,'What is the greatest two-digit prime factor of <math><mfrac><mi>300!</mi><mi>200!100!</mi></mfrac></math>?','73',NULL),(478,3,1,2023,26,'Freddy the frog starts at the origin of a coordinate plane. In any given hop, he can hop exactly one unit up, down, left or right. At how many different locations could Freddy possibly land after his 100th hop?','10201',NULL),(479,3,1,2023,27,'In the figure shown, quadrilateral PQRS is inscribed in circle O. Given that QR ≅ RS, SP = 6 cm, and PQ = 2 cm, what is the area of quadrilateral PQRS? Express your answer in simplest radical form.','8 sqrt(2)|8sqrt(2)',NULL),(480,3,1,2023,28,'Suppose x and y are real numbers for which 2xy + 16 = <math><msup><mi>x</mi><mn>2</mn></msup></math> and 2xy + 9 = 4<math><msup><mi>y</mi><mn>2</mn></msup></math>. If y > 0, what is the value of x + y? Express your answer as a decimal to the nearest tenth.','-2.3',NULL),(481,3,1,2023,29,'What integer is closest to the value of the expression <math><msup><mi><math><mo>(</mo><msqrt><mi>3</mi><mo>+</mo><msqrt><mi>12</mi></msqrt><mo>+</mo><mroot><mi>1728</mi><mn>4</mn></mroot></msqrt><mo>+</mo><msqrt><mi>3</mi><mo>+</mo><msqrt><mi>12</mi></msqrt><mo>-</mo><mroot><mi>1728</mi><mn>4</mn></mroot></msqrt><mo>)</mo></math></mi><mn>4</mn></msup></math> ?','192',NULL),(482,3,1,2023,30,'The volume of a regular dodecahedron of edge length 1 is <math><mfrac><mrow><mi>15</mi><mo>+</mo><mi>7</mi><msqrt><mi>5</mi></msqrt></mrow><mrow><mi>4</mi></mrow></mfrac></math>, and the volume of a regular icosahedron of edge length 1 is <math><mfrac><mrow><mi>15</mi><mo>+</mo><mi>5</mi><msqrt><mi>5</mi></msqrt></mrow><mrow><mi>12</mi></mrow></mfrac></math> . A solid metal icosahedron of edge length 2 is melted down, divided, and used to form two solid shapes: a dodecahedron of edge length <math><mroot><mi>a</mi><mn>3</mn></mroot></math> and a cube of edge length <math><mroot><mi>b</mi><mn>3</mn></mroot></math> . If a and b are both rational numbers, what is the value of a + b? Express your answer as a common fraction.','100/21',NULL),(483,2,2,2022,1,'Alec multiplied five of the six numbers 1, 4, 6, 9, 15 and 17 and obtained a product of 3240. Which of these six numbers was not included in the numbers he multiplied?','17',NULL),(484,2,2,2022,2,'This histogram shows the numbers of students who received each score on a 20-point quiz. What was the mean quiz score? Express your answer as a decimal to the nearest tenth.','15.6',NULL),(485,2,2,2022,3,'J. S. Bach’s Prelude No. 2 in C Minor consists of 88 measures with each measure containing 16 notes. In a typical performance, 432 notes are played every minute. How many seconds does it take to perform the entire Prelude? Express your answer to the nearest second.','196',NULL),(486,2,2,2022,4,'The figure shows circle O with diameter AB and inscribed angle ABC with AB = 8 and BC = 4<math><msqrt><mi>2</mi></mfrac></math>. When the area of the shaded region, in square units, is expressed in the form a + bπ, what is the value of ab?','32',NULL),(487,2,2,2022,5,'A baseball diamond is a square with 90-foot sides. An acre of land is a region containing 43,560 square feet. What percent of an acre is enclosed within a baseball diamond? Express your answer as a decimal to the nearest tenth.','18.6|18.6%',NULL),(488,2,2,2022,6,'The three-dimensional figure shown is a right rectangular prism. What is the area of ΔPQR? Express your answer in simplest radical form.','6 sqrt(41)|6sqrt(41)',NULL),(489,2,2,2022,7,'Padraig is estimating the number of books in a library. The library has 8 floors, each of which has 22 large bookshelves and 14 small bookshelves. Each large bookshelf has 16 rows of books, and each small bookshelf has 4 rows of books. If each row of books contains 54 books on average, how many books are in the library? Express your answer to the nearest thousand.','176000|176,000',NULL),(490,2,2,2022,8,'A machine randomly generates one of the nine numbers 1, 2, 3, ... , 9 with\nequal likelihood. What is the probability that when Tsuni uses this machine to generate four numbers their product is divisible by 14? Express your answer as a common fraction.','2096/6561',NULL),(491,2,1,2022,1,'What is the value of <math><msup><mi>3</mi><mn>4</mn></msup></math> − 2 × <math><msup><mi>4</mi><mn>2</mn></msup></math>?','49',NULL),(492,2,1,2022,2,'What is the value of the result when four million three hundred twenty-five thousand one hundred thirty-one is subtracted from four million three hundred twenty-six thousand fifty-two?','921',NULL),(493,2,1,2022,3,'What is the median of the data set {4, 16, 0, 8, 3, 11, 7}?','7',NULL),(494,2,1,2022,4,'Parker and his three friends went trick-or-treating together. If Parker got 11 pieces of candy, and each of his friends got twice as much candy as he did, how many pieces of candy did Parker and his friends get in all?','77|77 pieces',NULL),(495,2,1,2022,5,'Follow these steps:<ul><li>Choose a two-digit positive integer.</li><li>Multiply it by 153.</li><li>Add the digits of the number obtained.</li><li>If the sum resulting from step 3 has more than one digit, repeat step 3. If the sum resulting from step 3 has one digit, stop.</li></ul>What number is the result of following this algorithm?','9',NULL),(496,2,1,2022,6,'The 5 × 5 grid pictured represents 25 rooms. Annie walks into the top left room, and the direction she is facing as she enters the room is indicated by the arrow. In each room, she is instructed to either walk straight (S), make a right turn(R), or make a left turn (L). The instructions always indicate movement relative to the direction she is facing as she physically walks through the grid of rooms. She keeps going until she reaches the room with the ♠. Including the room into which she enters, and the room with the ♠, how many total rooms does Annie visit during this walk?','13|13 rooms',NULL),(497,2,1,2022,7,'The sum of the integer n and eighteen is equal to the product of four and five. What is the value of n?','2',NULL),(498,2,1,2022,8,'More than 100 students signed up to participate in the Geography Bowl competition. If teams of 2 could be made with no students left out, and teams of 3 could also be made with no students left out, what is the fewest number of students who could have signed up for the Geography Bowl?','102|102 students',NULL),(499,2,1,2022,9,'Manuel wishes to paint each face of his rectangular prism such that no two adjacent faces of his prism are the same color. What is the minimum number of unique paint colors he needs to achieve this?','3|3 colors',NULL),(500,2,1,2022,10,'The width of a rectangle is 1 foot longer than its length, and the area of the rectangle is 72 <math><msup><mi>ft</mi><mn>2</mn></msup></math>. In feet, what is the rectangle’s perimeter?','34|34 ft|34 feet',NULL),(501,2,1,2022,11,'A nonzero number of goats, each with four legs, and a nonzero number of chickens, each with two legs, are living on a farm. Between all the animals, there are <math><mfrac><mi>3</mi><mi>8</mi></mfrac></math> as many heads as there are legs. Assuming that all animals have all of their limbs, what is the fewest possible number of chickens on the farm?','2|2 chickens',NULL),(502,2,1,2022,12,'In Olympic diving, there are seven judges who rate the performance of each dive on a scale from 0 to 10, using half-point increments, where 0 is a failed attempt and 10 is excellent. After each of the seven judges has scored the dive, the two highest scores and the two lowest scores are discarded. The remaining three scores are then added together and the sum is multiplied by the degree of difficulty of the dive. This degree of difficulty is a number between 1.2 and 3.6. A famous Olympian diver completed a dive with degree of difficulty 3.5 and received the following seven performance scores from the judges: 8.0, 7.0, 8.5, 7.5, 7.5, 8.0, 7.0. What was the final number of points that the Olympian received on this dive? Express your answer as a decimal to the nearest tenth. ','80.5|80.5 points',NULL),(503,2,1,2022,13,'Michael is baking cookies. His cookie recipe calls for <math><mi>1</mi><mfrac><mi>3</mi><mi>4</mi></mfrac></math> cups sugar and makes 24 cookies. If he wants to scale the recipe to make exactly 18 cookies, how many cups of sugar will he need? Express your answer as a mixed number.','1 5/16|1 5/16 cups',NULL),(504,2,1,2022,14,'Fyodor and his three sons, Ivan, Dmitri and Alyosha, are standing exactly on the corners of a rectangular room. Fyodor is 3 meters from Dmitri and 5 meters from Ivan. What is the minimum possible distance that Fyodor could be from Alyosha? ','4|4 meters',NULL),(505,2,1,2022,15,'The Ten Finger calculator company periodically checks random calculators before shipping crates out to customers. On Wednesday, 12 calculators from each of 64 crates of 144 calculators were tested. Two of the tested calculators were found to be defective. Based on this rate of defect, how many total calculators are expected to be defective?','24|24 calculators',NULL),(506,2,1,2022,16,'At a concert for the band Algal Rhythms, 75% of the tickets were sold at the full price of $30. The remaining 25% of tickets were sold at a discounted price of $10. What was the average selling price of a ticket at the Algal Rhythms concert? Express your answer in dollars, rounded to the nearest cent.','25|25.00|$25|$25.00',NULL),(507,2,1,2022,17,'From 1908 to 1940, a house could be mail-ordered from the Sears catalog. Shown here is a floor plan for the Shelburne No. 1 model which was sold during the 1920s. The dimensions of each room are given in feet and inches, and adjacent walls meet at right angles. In square feet, what is the area of the dining room of the Shelburne No. 1 model? Express your answer to the nearest square foot. ','143|143 ft^2',NULL),(508,2,1,2022,18,'A gardener uses exactly 500 feet of fencing to completely enclose a rectangular area in her backyard. If the width of her garden is 50 feet less than the length, what will be the area of her garden?','15000|15,000|15,000 ft^2|15000 ft^2',NULL),(509,2,1,2022,19,'Joe left home traveling to Agora. At 10:32 a.m., Joe’s speedometer showed that he was going 75 mi/h, and Joe knew that he had 60 miles left to travel. Assuming Joe maintains an average speed of 75 mi/h, what time will it be when he arrives in Agora? Express your answer in the form HH:MM, where HH represents the two-digit hour and MM represents the two-digit minute.','11:20|11:20 am|11:20 AM',NULL),(510,2,1,2022,21,'James is making a sandwich with two slices of bread chosen from rye, wheat and white, and filled with either ham or cheese, or both. If his sandwich can have one or two types of bread and the order of the ingredients doesn’t matter, how many different sandwiches can James make?','18|18 sandwiches',NULL),(511,2,1,2022,22,'On Wednesday, <math><mfrac><mi>1</mi><mn>3</mn></mfrac></math> of the students in Mr. Short\'s homeroom had drama practice, and <math><mfrac><mi>1</mi><mn>4</mn></mfrac></math> of his other homeroom students had band practice. If 6 students had band practice, how many students are in Mr. Short’s homeroom?','36|36 students',NULL),(512,2,1,2022,23,'Jen’s phone uses a simple algorithm to count the number of strides she takes. The algorithm looks at the phone’s accelerometer measurements, and counts a stride each time the acceleration goes from below to above 3 g. Based on the number of strides counted in the 20-second window shown here, and assuming that Jen travels 140 cm per stride, what was Jen’s average walking speed, in meters per second, over the 20-second window? Express your answer as a decimal to the nearest hundredth.','1.33|1.33 m/s',NULL),(513,2,1,2022,24,'A triangle has integer side lengths 2, 5 and x. What is the median of all possible values of x?','5',NULL),(514,2,1,2022,25,'Pixflix online video charges $5.95 to view a movie. Movie Prime video service charges $150 per year membership and $3.95 per movie. Assuming Minda views the same number of movies each month, what is the fewest number of movies per month Minda must view to make Movie Prime the better deal?','7|7 movies|7 movies per month',NULL),(515,2,1,2022,26,'The number 345,600 can be expressed as <math><msup><mi>6</mi><mn>a</mn></msup><msup><mi>5</mi><mn>b</mn></msup><msup><mi>4</mi><mn>c</mn></msup></math> for integers a, b and c. What is the value of the product abc?','18',NULL),(516,2,1,2022,27,'Kurt is creating a bouquet of flowers for his mother. He has a selection of roses, lilies, orchids and violets from which to create a bouquet of a dozen flowers. Kurt’s mother loves orchids, so his bouquet will have at least six orchids. How many different groups of a dozen flowers can Kurt use to make a bouquet?','84|84 groups',NULL),(517,2,1,2022,28,'If 3 <math><mfrac><mi>3</mi><mi>x+2</mi></mfrac><mo>=</mo><mfrac><mi>y+3</mi><mi>2</mi></mfrac></math> and x and y are integers, what is the sum of all possible values of x? ','-16',NULL),(518,2,1,2022,29,'The sequence an has the property that <math><msub><mi>a</mi><mn>n</mn></msub><mo>=</mo><msub><mi>a</mi><mn>n-1</mn></msub><mo>+</mo><mi>2</mi><msub><mi>a</mi><mn>n-2</mn></msub></math> for n ≥ 2. It is also true that <math><msub><mi>a</mi><mn>0</mn></msub><mo>=</mo><mi>4</mi></math> and <math><msub><mi>a</mi><mn>4</mn></msub><mo>=</mo><mi>26</mi></math>. What is the value of <math><msub><mi>a</mi><mn>5</mn></msub></math>? Express your answer as a common fraction.','222/5',NULL),(519,2,1,2022,30,'Jaylin has a wooden cube which is painted blue on the outside. She cuts the cube into 1000 identical cubes, some of which have some sides painted blue, then rolls the resulting cubes like dice. The probability that no blue faces land up after Jaylin rolls the 1000 cubes can be expressed as <math><msup><mi>2</mi><mn>a</mn></msup></math> × <math><msup><mi>3</mi><mn>b</mn></msup></math> × <math><msup><mi>5</mi><mn>c</mn></msup></math> where a, b and c are integers. What is the value of a + b + c?','-392',NULL),(520,2,1,2022,20,'The 5th power of a positive number is equal to the product of <math><mfrac><mi>2</mi><mi>3</mi></mfrac></math> and the 4th power of the number. What is the ratio of this number\'s 10th power to its 8th power? Express your answer as a common fraction.','4/9',NULL),(521,3,1,2022,1,'What is the slope of the line containing the points (3, 4) and (5, 12)?','4',NULL),(522,3,1,2022,2,'This chart shows the weather conditions in Madison, WI from January 11 through January 15. What was the mean high temperature for those five days in Madison? Express your answer as a decimal to the nearest tenth.','1.8',NULL),(523,3,1,2022,3,'The screen in the movie theater measures 33 feet by 27 feet. In square yards, what is the area of the movie screen?','99',NULL),(524,3,1,2022,4,'A sequence is defined as shown for n = 3, 4, 5, .... What will be the first number in this sequence that is NOT prime?','121',NULL),(525,3,1,2022,5,'What is the smallest positive perfect cube divisible by 12?','216',NULL),(526,3,1,2022,6,'While driving, Carl notices that his odometer reads 25,952 miles, which happens to be a palindrome. He thought this was pretty rare, but 2.5 hours later, his odometer reads as the next palindrome number of miles. What was Carl’s average speed during those 2.5 hours?','44',NULL),(527,3,1,2022,7,'Let a ♦ b = <math><mfrac><mi>ab</mi><mi>a+b</mi></mfrac></math> . What is the value of (1 ♦ 2) ♦ 3? Express your answer as a common fraction.','6/11',NULL),(528,3,1,2022,8,'Grapes are 80% water by weight. When a bushel of grapes dries in the sun for two weeks, it loses 50% of its total weight. All of the weight loss is due to the loss of water. After drying for two weeks, what percentage of the grapes is water by weight? Express your answer to the nearest percent.','60|60%',NULL),(529,3,1,2022,9,'The number <i>a</i> is 5 times as large as <i>b</i>. The sum of <i>a</i> and <i>b</i> is 15. What is the value of the product <i>ab</i>? Express your answer as a common fraction.','125/4',NULL),(530,3,1,2022,10,'Goldbach’s conjecture states that every even number greater than two can be expressed as the sum of two prime numbers. For example, 2022 = 191 + 1831. How many ordered pairs of prime numbers have a sum of 60?','12',NULL),(531,3,1,2022,11,'The function f (x) has the property that if P and Q are any two distinct points on the graph of y = f (x), then the slope of PQ is twice the sum of the x-coordinates of P and Q. What is the value of f (10) − f (0)?','200',NULL),(532,3,1,2022,12,'The solid shown consists of three stacked cubes of edge lengths 1 cm, 2 cm and 3 cm. What is the surface area of the figure?','74',NULL),(533,3,1,2022,13,'If |2x − 1| = |x − 2|, what is the sum of all possible values of x?','0',NULL),(534,3,1,2022,14,'Brian has earned 65%, 80% and 92% on his three pre-final exams. These exams are not weighed equally: the lowest counts for only 20% of his overall grade, while the other two count for 25% each. If the final exam is the remainder of the overall grade and there are no opportunities for extra credit, what is the highest grade Brian can earn in the class? Express your answer to the nearest whole percent.','86|86%',NULL),(535,3,1,2022,15,'A convex polygon has vertices at the points (2, 0), (1, 0), (1, 5) and (–2, 4). What is the area of the polygon?','10',NULL),(536,3,1,2022,16,'Let x > 0 and y > 0. Suppose that <math><msup><mi>xy</mi><mn>2</mn></msup></math> = 6, and <math><msup><mi>x</mi><mn>2</mn></msup><msup><mi>y</mi><mn>6</mn></msup></math> = 72. What is the value of xy? Express your answer in simplest radical form.','3sqrt(2)|3 sqrt(2)',NULL),(537,3,1,2022,17,'If <math><msqrt><mi>7</mi><mo>-</mo><msqrt><mi>2</mi><mo>+</mo><msqrt><mi>n</mi></msqrt></msqrt></msqrt></math> = 2, what is the value of n?','49',NULL),(538,3,1,2022,18,'How many integers between 1 and 280, inclusive, are not divisible by 2, 5 or 7?','96',NULL),(539,3,1,2022,19,'In the figure, triangle ABC is inscribed in a semicircle with diameter AC of length 20 inches, and AB = 12 inches. When the area of the shaded region, in square inches, is expressed in the form aπ − b, what is the value of a + b?','146',NULL),(540,3,1,2022,20,'If n = <math><msup><mi>10</mi><mn>2020</mn></msup><mo>–</mo><msup><mi>10</mi><mn>2019</mn></msup><mo>+</mo><msup><mi>10</mi><mn>2018</mn></msup><mo>–</mo><msup><mi>10</mi><mn>2017</mn></msup><mo>+ ··· +</mo><msup><mi>10</mi><mn>2</mn></msup><mo>-</mo><msup><mi>10</mi><mn>1</mn></msup></math>, what is the sum of digits of the integer n?','9090',NULL),(541,3,1,2022,21,'Bertrand has 12 cards: on the front of each card is a digit, and on the back of each card is either a triangle, square, pentagon or circle. Bertrand looks through the pile of cards and says to his friend Georg, “For each card in the pile, if the number on the front of the card is even, then the shape on the back is a circle”. Bertrand then lays the cards on a table as below. Georg wants to determine whether Bertrand was telling the truth by examining the hidden side of some of the cards. What is the fewest number of cards that Georg must examine to determine whether Bertrand was telling the truth?','7',NULL),(542,3,1,2022,22,'Both of the right triangular prisms shown have bases that are right triangles with hypotenuse length 10 cm. One prism has height x and a base leg of length 6 cm. The other prism has height x − 2 and a base leg of length 8 cm. The prism with height x − 2 has a volume that is 75% the volume of the prism of height x. What is the value of x?','8',NULL),(543,3,1,2022,23,'A positive integer divisor of 11! is chosen at random. What is the probability that this divisor is prime? Express your answer as a common fraction.','1/108',NULL),(544,3,1,2022,24,'Thomas, Carrie and Lenny each captain a different one of three hockey teams. Each captain will choose four players from a pool of 12 players, with each player chosen for only one team. How many different ways can the teams be formed?','34560',NULL),(545,3,1,2022,25,'What is the greatest integer <i>k</i> such that 80! is divisible by <math><msup><mi>45</mi><mn>k</mn></msup></math>?','18',NULL),(546,3,1,2022,26,'If <math><mo>(</mo><msup><mi>7</mi><mn>2</mn></msup><mo>+</mo><msup><mi>24</mi><mn>2</mn></msup><msup><mi>)</mi><mn>4</mn></msup><mo>×</mo><mo>(</mo><msup><mi>5</mi><mn>2</mn></msup><mo>+</mo><msup><mi>10</mi><mn>2</mn></msup><msup><mi>)</mi><mn>5</mn></msup><mo>×</mo><mo>(</mo><msup><mi>75</mi><mn>2</mn></msup><mo>+</mo><msup><mi>100</mi><mn>2</mn></msup><msup><mi>)</mi><mn>6</mn></msup><mo>=</mo><msup><mi>5</mi><mn>n</mn></msup></math>, what is the value of n?','67',NULL),(547,3,1,2022,27,'If m and n are positive integers where <math><msup><mi>m</mi><mn>2</mn></msup><mo>+</mo><mi>14m – 32</mi><mo>=</mo><msup><mi>3</mi><mn>n</mn></msup></math>, what is the value of <math><mi>m + n</mi></math>?','16',NULL),(548,3,1,2022,28,'The quadratic polynomial <math><mi>p(x) = </mi><msup><mi>ax</mi><mn>2</mn></msup><mo>+</mo><mi>bx</mi><mo>+</mo><mi>c</mi></math> has positive integer coefficients a, b and c that each have a value from 1 to 9, inclusive. To eight decimal places, the solutions to p(x) = 0 are x = −0.19098301 and x = −1.30901699. What is the value of p(10)?','461',NULL),(549,3,1,2022,29,'If the expression <math><mfrac><mrow><msup><mi>11</mi><mn>20</mn></msup><mo>+</mo><msup><mi>9</mi><mn>20</mn></msup></mrow><mrow><msup><mi>11</mi><mn>20</mn></msup><mo>−</mo><msup><mi>9</mi><mn>20</mn></msup></mrow></mfrac></math> is evaluated and written as a decimal, what digit is in the hundredths place?','3',NULL),(550,3,1,2022,30,'John inserts some number of parentheses into the expression shown to create a valid mathematical expression. What is the smallest possible integer value of John’s expression?','7',NULL),(551,3,2,2022,1,'Riley has a stack of ten cards. On the nth card, n consecutive letters starting with the nth letter of the alphabet are printed. For example, on the first card, the letter A is printed. On the second card, the letters BC are printed. On the third card, the letters CDE are printed and so on. How many cards have the letter F printed on them?','3',NULL),(552,3,2,2022,2,'ABCD is a square with side length 2 cm. E is the midpoint of CD, and BF is perpendicular to AE. What is the area of ECBF? Express your answer as a decimal to the nearest tenth.','2.2',NULL),(553,3,2,2022,3,'The table shows the percent of families in Mathville that have 0, 1, 2, 3 and 4 or more children. If there are a total of 10,250 families, how many are there with no children?','4715',NULL),(554,3,2,2022,4,'The graph of the line y = 3x + a intersects the graph of the parabola <math><mi>y</mi><mo>=</mo><msup><mi>x</mi><mn>2</mn></msup><mo>+</mo><mi>x</mi></math> in two points. If the distance between these points is 3<math><msqrt><mi>30</mi></msqrt></math> , what is the value of a? Express your answer as a common fraction.','23/4',NULL),(555,3,2,2022,5,'A polypay sheep produces an average 9.9 pounds of wool annually. This wool is cleaned, spun into yarn and then packaged into skeins of 175 yards of yarn each. One pound of wool makes 10.95 miles of yarn. If farmer Bill has a flock of 200 polypay sheep, to the nearest thousand skeins, how many skeins of yarn is his flock expected to produce in one year? (1 mile = 1760 yards)','218000|218,000',NULL),(556,3,2,2022,6,'How many different subsets of {1, 2, 3, 4, 5, 6, 7, 8, 9, 10, 11, 12} contain at least one element in common with each of the sets {2, 4, 6, 8, 10, 12}, {3, 6, 9, 12} and {2, 3, 5, 7, 11}?','3682',NULL),(557,3,2,2022,7,'The figure shows the responses for Ashley, Bernard and Clive on a True/False quiz where T and F represent a response of true and false, respectively. It is known that Ashley and Bernard each got exactly 7 questions correct. How many questions did Clive answer correctly?','3',NULL),(558,3,2,2022,8,'The polynomial p(x) = <math><msup><mi>x</mi><mn>2</mn></msup></math> + ax + b has positive integer coefficients a and b. If p(60) is a perfect square and the equation p(x) = 0 has two distinct integer solutions, what is the least possible value of b?','84',NULL),(559,2,4,2020,1,'The Sharks have a win-loss record of 36-14. What percent of the games played have the Sharks won?','72|72%',NULL),(560,2,4,2020,2,'How many minutes are there in half of a day','720',NULL),(561,2,4,2020,3,'A certain gameboard consists of an n × n array of squares. Vijay places a token on every square that does not border an edge of the board. If Vijay uses exactly 169 tokens, what is the value of n?','15',NULL),(562,2,4,2020,4,'What is the greatest common factor of the first 100 positive prime numbers?','1',NULL),(563,2,4,2020,5,'This week, Rudy began saving his $5 weekly allowance to buy a new gaming system. How many weeks worth of allowance must Rudy save to buy a gaming system that costs $299?','60',NULL),(564,2,4,2020,6,'Triangle ABC has perimeter 24 cm and area 20 <math><msup><mi>cm</mi><mn>2</mn></msup></math> . Triangle DEF is similar to triangle ABC and has area 45 <math><msup><mi>cm</mi><mn>2</mn></msup></math>. What is the perimeter of triangle DEF, in centimeters?','36',NULL);
/*!40000 ALTER TABLE `questions` ENABLE KEYS */;
UNLOCK TABLES;

--
-- Table structure for table `rounds`
--

DROP TABLE IF EXISTS `rounds`;
/*!40101 SET @saved_cs_client     = @@character_set_client */;
/*!50503 SET character_set_client = utf8mb4 */;
CREATE TABLE `rounds` (
  `round_id` int NOT NULL,
  `round` varchar(20) COLLATE utf8mb3_unicode_ci NOT NULL,
  PRIMARY KEY (`round_id`)
) ENGINE=InnoDB DEFAULT CHARSET=utf8mb3 COLLATE=utf8mb3_unicode_ci;
/*!40101 SET character_set_client = @saved_cs_client */;

--
-- Dumping data for table `rounds`
--

LOCK TABLES `rounds` WRITE;
/*!40000 ALTER TABLE `rounds` DISABLE KEYS */;
INSERT INTO `rounds` VALUES (1,'Sprint Round'),(2,'Target Round'),(3,'Team Round'),(4,'Countdown Round');
/*!40000 ALTER TABLE `rounds` ENABLE KEYS */;
UNLOCK TABLES;
/*!40103 SET TIME_ZONE=@OLD_TIME_ZONE */;

/*!40101 SET SQL_MODE=@OLD_SQL_MODE */;
/*!40014 SET FOREIGN_KEY_CHECKS=@OLD_FOREIGN_KEY_CHECKS */;
/*!40014 SET UNIQUE_CHECKS=@OLD_UNIQUE_CHECKS */;
/*!40101 SET CHARACTER_SET_CLIENT=@OLD_CHARACTER_SET_CLIENT */;
/*!40101 SET CHARACTER_SET_RESULTS=@OLD_CHARACTER_SET_RESULTS */;
/*!40101 SET COLLATION_CONNECTION=@OLD_COLLATION_CONNECTION */;
/*!40111 SET SQL_NOTES=@OLD_SQL_NOTES */;

-- Dump completed on 2024-01-14  8:15:08
